,link
0,"
<a target=""_blank"" href=""/questoes-de-concursos/questoes/af72bd38-3a"">Q1964955</a> "
1,"
<a target=""_blank"" href=""/questoes-de-concursos/questoes/af6677fa-3a"">Q1964952</a> "
2,"
<a target=""_blank"" href=""/questoes-de-concursos/questoes/af62f109-3a"">Q1964951</a> "
3,"
<a target=""_blank"" href=""/questoes-de-concursos/questoes/af5a8ae3-3a"">Q1964949</a> "
4,"
<a target=""_blank"" href=""/questoes-de-concursos/questoes/97095657-34"">Q1962585</a> "
5,"
<a target=""_blank"" href=""/questoes-de-concursos/questoes/9b003a5d-ac"">Q723042</a> "
6,"
<a target=""_blank"" href=""/questoes-de-concursos/questoes/f3772da0-ab"">Q722411</a> "
7,"
<a target=""_blank"" href=""/questoes-de-concursos/questoes/9159645c-aa"">Q721300</a> "
8,"
<a target=""_blank"" href=""/questoes-de-concursos/questoes/a4cc1fd8-a8"">Q720503</a> "
9,"
<a target=""_blank"" href=""/questoes-de-concursos/questoes/c357fed7-a7"">Q720206</a> "
10,"
<a target=""_blank"" href=""/questoes-de-concursos/questoes/c354ed4e-a7"">Q720205</a> "
11,"
<a target=""_blank"" href=""/questoes-de-concursos/questoes/3521215f-a7"">Q720102</a> "
12,"
<a target=""_blank"" href=""/questoes-de-concursos/questoes/57f13381-a6"">Q718476</a> "
13,"
<a target=""_blank"" href=""/questoes-de-concursos/questoes/57ee0aa9-a6"">Q718475</a> "
14,"
<a target=""_blank"" href=""/questoes-de-concursos/questoes/57eac634-a6"">Q718474</a> "
15,"
<a target=""_blank"" href=""/questoes-de-concursos/questoes/3c0a2f0c-a5"">Q717839</a> "
16,"
<a target=""_blank"" href=""/questoes-de-concursos/questoes/3bebef39-a5"">Q717837</a> "
17,"
<a target=""_blank"" href=""/questoes-de-concursos/questoes/77c54dfe-a2"">Q716308</a> "
18,"
<a target=""_blank"" href=""/questoes-de-concursos/questoes/31b00231-a2"">Q716257</a> "
19,"
<a target=""_blank"" href=""/questoes-de-concursos/questoes/a2825658-a1"">Q716080</a> "
20,"
<a target=""_blank"" href=""/questoes-de-concursos/questoes/1d2e5722-9f"">Q714699</a> "
21,"
<a target=""_blank"" href=""/questoes-de-concursos/questoes/36a2733c-9d"">Q714162</a> "
22,"
<a target=""_blank"" href=""/questoes-de-concursos/questoes/271ee195-9c"">Q713139</a> "
23,"
<a target=""_blank"" href=""/questoes-de-concursos/questoes/2126bb3e-96"">Q708880</a> "
24,"
<a target=""_blank"" href=""/questoes-de-concursos/questoes/d029263b-8f"">Q704310</a> "
25,"
<a target=""_blank"" href=""/questoes-de-concursos/questoes/c2739fe9-8e"">Q703546</a> "
26,"
<a target=""_blank"" href=""/questoes-de-concursos/questoes/c265e269-8e"">Q703544</a> "
27,"
<a target=""_blank"" href=""/questoes-de-concursos/questoes/43b29fe3-8e"">Q703352</a> "
28,"
<a target=""_blank"" href=""/questoes-de-concursos/questoes/13872753-8c"">Q702398</a> "
29,"
<a target=""_blank"" href=""/questoes-de-concursos/questoes/28de562e-85"">Q698678</a> "
30,"
<a target=""_blank"" href=""/questoes-de-concursos/questoes/fdb1446e-84"">Q697951</a> "
31,"
<a target=""_blank"" href=""/questoes-de-concursos/questoes/56813a44-82"">Q697509</a> "
32,"
<a target=""_blank"" href=""/questoes-de-concursos/questoes/37a2bad7-80"">Q696770</a> "
33,"
<a target=""_blank"" href=""/questoes-de-concursos/questoes/90b3b320-7f"">Q696526</a> "
34,"
<a target=""_blank"" href=""/questoes-de-concursos/questoes/5cc1ae83-7f"">Q696394</a> "
35,"
<a target=""_blank"" href=""/questoes-de-concursos/questoes/67c9ec6b-7e"">Q696183</a> "
36,"
<a target=""_blank"" href=""/questoes-de-concursos/questoes/0e3cb60d-7c"">Q694748</a> "
37,"
<a target=""_blank"" href=""/questoes-de-concursos/questoes/8e9d51f5-7c"">Q694198</a> "
38,"
<a target=""_blank"" href=""/questoes-de-concursos/questoes/8e8bb9eb-7c"">Q694195</a> "
39,"
<a target=""_blank"" href=""/questoes-de-concursos/questoes/a746ea6e-7b"">Q693577</a> "
40,"
<a target=""_blank"" href=""/questoes-de-concursos/questoes/d65891dc-7b"">Q693359</a> "
41,"
<a target=""_blank"" href=""/questoes-de-concursos/questoes/7375e08c-7a"">Q693017</a> "
42,"
<a target=""_blank"" href=""/questoes-de-concursos/questoes/6cc0f462-7a"">Q692937</a> "
43,"
<a target=""_blank"" href=""/questoes-de-concursos/questoes/b042c2ed-79"">Q691848</a> "
44,"
<a target=""_blank"" href=""/questoes-de-concursos/questoes/d5eee7fd-76"">Q689309</a> "
45,"
<a target=""_blank"" href=""/questoes-de-concursos/questoes/a749476e-75"">Q688983</a> "
46,"
<a target=""_blank"" href=""/questoes-de-concursos/questoes/13304978-73"">Q687446</a> "
47,"
<a target=""_blank"" href=""/questoes-de-concursos/questoes/b45fea9c-6e"">Q684707</a> "
48,"
<a target=""_blank"" href=""/questoes-de-concursos/questoes/a4e43272-6e"">Q684662</a> "
49,"
<a target=""_blank"" href=""/questoes-de-concursos/questoes/9bb77c8a-6e"">Q684210</a> "
50,"
<a target=""_blank"" href=""/questoes-de-concursos/questoes/7b1fa757-6b"">Q682380</a> "
51,"
<a target=""_blank"" href=""/questoes-de-concursos/questoes/75121d8c-68"">Q680230</a> "
52,"
<a target=""_blank"" href=""/questoes-de-concursos/questoes/5026fb2b-5f"">Q674380</a> "
53,"
<a target=""_blank"" href=""/questoes-de-concursos/questoes/7131814e-59"">Q671576</a> "
54,"
<a target=""_blank"" href=""/questoes-de-concursos/questoes/ab3333d2-53"">Q666486</a> "
55,"
<a target=""_blank"" href=""/questoes-de-concursos/questoes/4eef6e36-4f"">Q663591</a> "
56,"
<a target=""_blank"" href=""/questoes-de-concursos/questoes/4ee6bcbb-4f"">Q663589</a> "
57,"
<a target=""_blank"" href=""/questoes-de-concursos/questoes/4d038661-4f"">Q663476</a> "
58,"
<a target=""_blank"" href=""/questoes-de-concursos/questoes/95fbad1f-4d"">Q661581</a> "
59,"
<a target=""_blank"" href=""/questoes-de-concursos/questoes/c383c5ff-4d"">Q661392</a> "
60,"
<a target=""_blank"" href=""/questoes-de-concursos/questoes/3dc368cc-49"">Q659300</a> "
61,"
<a target=""_blank"" href=""/questoes-de-concursos/questoes/c734cb46-44"">Q656945</a> "
62,"
<a target=""_blank"" href=""/questoes-de-concursos/questoes/099b2b37-44"">Q656794</a> "
63,"
<a target=""_blank"" href=""/questoes-de-concursos/questoes/3fe6f7e7-43"">Q656608</a> "
64,"
<a target=""_blank"" href=""/questoes-de-concursos/questoes/3fc29c19-43"">Q656601</a> "
65,"
<a target=""_blank"" href=""/questoes-de-concursos/questoes/47a8e719-43"">Q656543</a> "
66,"
<a target=""_blank"" href=""/questoes-de-concursos/questoes/692f2e7f-3e"">Q653666</a> "
67,"
<a target=""_blank"" href=""/questoes-de-concursos/questoes/692a9979-3e"">Q653665</a> "
68,"
<a target=""_blank"" href=""/questoes-de-concursos/questoes/c8cd670e-3d"">Q652751</a> "
69,"
<a target=""_blank"" href=""/questoes-de-concursos/questoes/bc748d68-3a"">Q650798</a> "
70,"
<a target=""_blank"" href=""/questoes-de-concursos/questoes/76d69baf-38"">Q649644</a> "
71,"
<a target=""_blank"" href=""/questoes-de-concursos/questoes/d28b16b7-37"">Q649356</a> "
72,"
<a target=""_blank"" href=""/questoes-de-concursos/questoes/02fa5372-2f"">Q645996</a> "
73,"
<a target=""_blank"" href=""/questoes-de-concursos/questoes/7acbd1f6-2d"">Q644026</a> "
74,"
<a target=""_blank"" href=""/questoes-de-concursos/questoes/279120ff-2c"">Q643866</a> "
75,"
<a target=""_blank"" href=""/questoes-de-concursos/questoes/57c0e1e1-28"">Q642339</a> "
76,"
<a target=""_blank"" href=""/questoes-de-concursos/questoes/683e64b4-24"">Q641169</a> "
77,"
<a target=""_blank"" href=""/questoes-de-concursos/questoes/86ad1ac5-24"">Q641057</a> "
78,"
<a target=""_blank"" href=""/questoes-de-concursos/questoes/8d1f2dea-21"">Q640098</a> "
79,"
<a target=""_blank"" href=""/questoes-de-concursos/questoes/db8c1b16-1e"">Q638319</a> "
80,"
<a target=""_blank"" href=""/questoes-de-concursos/questoes/3c6f3272-1c"">Q637621</a> "
81,"
<a target=""_blank"" href=""/questoes-de-concursos/questoes/8ac5d7b2-19"">Q636769</a> "
82,"
<a target=""_blank"" href=""/questoes-de-concursos/questoes/8a9ba8d0-19"">Q636763</a> "
83,"
<a target=""_blank"" href=""/questoes-de-concursos/questoes/33064b13-19"">Q636285</a> "
84,"
<a target=""_blank"" href=""/questoes-de-concursos/questoes/cd3eb8f8-16"">Q635605</a> "
85,"
<a target=""_blank"" href=""/questoes-de-concursos/questoes/cd3828ed-16"">Q635604</a> "
86,"
<a target=""_blank"" href=""/questoes-de-concursos/questoes/cd2b5f39-16"">Q635602</a> "
87,"
<a target=""_blank"" href=""/questoes-de-concursos/questoes/cd1c8208-16"">Q635599</a> "
88,"
<a target=""_blank"" href=""/questoes-de-concursos/questoes/cd16dd9a-16"">Q635598</a> "
89,"
<a target=""_blank"" href=""/questoes-de-concursos/questoes/cd130a93-16"">Q635597</a> "
90,"
<a target=""_blank"" href=""/questoes-de-concursos/questoes/cd0ed680-16"">Q635596</a> "
91,"
<a target=""_blank"" href=""/questoes-de-concursos/questoes/7ab1a547-13"">Q634815</a> "
92,"
<a target=""_blank"" href=""/questoes-de-concursos/questoes/7a9ef09c-13"">Q634811</a> "
93,"
<a target=""_blank"" href=""/questoes-de-concursos/questoes/b066b615-13"">Q634506</a> "
94,"
<a target=""_blank"" href=""/questoes-de-concursos/questoes/f00ab6e0-11"">Q633742</a> "
95,"
<a target=""_blank"" href=""/questoes-de-concursos/questoes/f4598c66-11"">Q633491</a> "
96,"
<a target=""_blank"" href=""/questoes-de-concursos/questoes/db90a4b9-0d"">Q632083</a> "
97,"
<a target=""_blank"" href=""/questoes-de-concursos/questoes/db712610-0d"">Q632077</a> "
98,"
<a target=""_blank"" href=""/questoes-de-concursos/questoes/7d418a78-0d"">Q632014</a> "
99,"
<a target=""_blank"" href=""/questoes-de-concursos/questoes/7d3a955d-0d"">Q632013</a> "
